,work_year,experience_level,job_title,salary,salary_currency,salary_in_usd,employee_residence,remote_ratio,company_location,company_size,SFC_Salary,SFC_Remote_Ratio,salary_bin,cotract,free_lance,full_time,part_time
0,2020,MI,Data Scientist,70000.0,EUR,79833.0,DE,0.0,DE,L,0.133055,0.0,Low,0,0,1,0
1,2020,SE,Machine Learning Scientist,260000.0,USD,260000.0,JP,0.0,JP,S,0.43333333333333335,0.0,Medium,0,0,1,0
2,2020,SE,Big Data Engineer,85000.0,GBP,109024.0,GB,50.0,GB,M,0.18170666666666666,0.5,Low,0,0,1,0
3,2020,MI,Product Data Analyst,20000.0,USD,20000.0,HN,0.0,HN,S,0.03333333333333333,0.0,Low,0,0,1,0
4,2020,SE,Machine Learning Engineer,150000.0,USD,150000.0,US,50.0,US,L,0.25,0.5,Low,0,0,1,0
5,2020,EN,Data Analyst,72000.0,USD,72000.0,US,100.0,US,L,0.12,1.0,Low,0,0,1,0
6,2020,SE,Lead Data Scientist,190000.0,USD,190000.0,US,100.0,US,S,0.31666666666666665,1.0,Medium,0,0,1,0
7,2020,MI,Data Scientist,11000000.0,HUF,35735.0,HU,50.0,HU,L,0.05955833333333333,0.5,Low,0,0,1,0
8,2020,MI,Business Data Analyst,135000.0,USD,135000.0,US,100.0,US,L,0.225,1.0,Low,0,0,1,0
9,2020,SE,Lead Data Engineer,125000.0,USD,125000.0,NZ,50.0,NZ,S,0.20833333333333334,0.5,Low,0,0,1,0
10,2020,EN,Data Scientist,45000.0,EUR,51321.0,FR,0.0,FR,S,0.085535,0.0,Low,0,0,1,0
11,2020,MI,Data Scientist,3000000.0,INR,40481.0,IN,0.0,IN,L,0.06746833333333334,0.0,Low,0,0,1,0
12,2020,EN,Data Scientist,35000.0,EUR,39916.0,FR,0.0,FR,M,0.06652666666666666,0.0,Low,0,0,1,0
13,2020,MI,Lead Data Analyst,87000.0,USD,87000.0,US,100.0,US,L,0.145,1.0,Low,0,0,1,0
14,2020,MI,Data Analyst,85000.0,USD,85000.0,US,100.0,US,L,0.14166666666666666,1.0,Low,0,0,1,0
15,2020,MI,Data Analyst,8000.0,USD,8000.0,PK,50.0,PK,L,0.013333333333333334,0.5,Low,0,0,1,0
16,2020,EN,Data Engineer,4450000.0,JPY,41689.0,JP,100.0,JP,S,0.06948166666666666,1.0,Low,0,0,1,0
17,2020,SE,Big Data Engineer,100000.0,EUR,114047.0,PL,100.0,GB,S,0.19007833333333332,1.0,Low,0,0,1,0
18,2020,EN,Data Science Consultant,423000.0,INR,5707.0,IN,50.0,IN,M,0.009511666666666667,0.5,Low,0,0,1,0
19,2020,MI,Lead Data Engineer,56000.0,USD,56000.0,PT,100.0,US,M,0.09333333333333334,1.0,Low,0,0,1,0
20,2020,MI,Machine Learning Engineer,299000.0,CNY,43331.0,CN,0.0,CN,M,0.07221833333333333,0.0,Low,0,0,1,0
21,2020,MI,Product Data Analyst,450000.0,INR,6072.0,IN,100.0,IN,L,0.01012,1.0,Low,0,0,1,0
22,2020,SE,Data Engineer,42000.0,EUR,47899.0,GR,50.0,GR,L,0.07983166666666666,0.5,Low,0,0,1,0
23,2020,MI,BI Data Analyst,98000.0,USD,98000.0,US,0.0,US,M,0.16333333333333333,0.0,Low,0,0,1,0
24,2020,MI,Lead Data Scientist,115000.0,USD,115000.0,AE,0.0,AE,L,0.19166666666666668,0.0,Low,0,0,1,0
25,2020,EX,Director of Data Science,325000.0,USD,325000.0,US,100.0,US,L,0.5416666666666666,1.0,High,0,0,1,0
26,2020,EN,Research Scientist,42000.0,USD,42000.0,NL,50.0,NL,L,0.07,0.5,Low,0,0,1,0
27,2020,SE,Data Engineer,720000.0,MXN,33511.0,MX,0.0,MX,S,0.05585166666666667,0.0,Low,0,0,1,0
28,2020,EN,Business Data Analyst,100000.0,USD,100000.0,US,100.0,US,L,0.16666666666666666,1.0,Low,1,0,0,0
29,2020,SE,Machine Learning Manager,157000.0,CAD,117104.0,CA,50.0,CA,L,0.19517333333333334,0.5,Low,0,0,1,0
30,2020,MI,Data Engineering Manager,51999.0,EUR,59303.0,DE,100.0,DE,S,0.09883833333333333,1.0,Low,0,0,1,0
31,2020,EN,Big Data Engineer,70000.0,USD,70000.0,US,100.0,US,L,0.11666666666666667,1.0,Low,0,0,1,0
32,2020,SE,Data Scientist,60000.0,EUR,68428.0,GR,100.0,US,L,0.11404666666666667,1.0,Low,0,0,1,0
33,2020,MI,Research Scientist,450000.0,USD,450000.0,US,0.0,US,M,0.75,0.0,High,0,0,1,0
34,2020,MI,Data Analyst,41000.0,EUR,46759.0,FR,50.0,FR,L,0.07793166666666666,0.5,Low,0,0,1,0
35,2020,MI,Data Engineer,65000.0,EUR,74130.0,AT,50.0,AT,L,0.12355,0.5,Low,0,0,1,0
36,2020,MI,Data Science Consultant,103000.0,USD,103000.0,US,100.0,US,L,0.17166666666666666,1.0,Low,0,0,1,0
37,2020,EN,Machine Learning Engineer,250000.0,USD,250000.0,US,50.0,US,L,0.4166666666666667,0.5,Medium,0,0,1,0
38,2020,EN,Data Analyst,10000.0,USD,10000.0,NG,100.0,NG,S,0.016666666666666666,1.0,Low,0,0,1,0
39,2020,EN,Machine Learning Engineer,138000.0,USD,138000.0,US,100.0,US,S,0.23,1.0,Low,0,0,1,0
40,2020,MI,Data Scientist,45760.0,USD,45760.0,PH,100.0,US,S,0.07626666666666666,1.0,Low,0,0,1,0
41,2020,EX,Data Engineering Manager,70000.0,EUR,79833.0,ES,50.0,ES,L,0.133055,0.5,Low,0,0,1,0
42,2020,MI,Machine Learning Infrastructure Engineer,44000.0,EUR,50180.0,PT,0.0,PT,M,0.08363333333333334,0.0,Low,0,0,1,0
43,2020,MI,Data Engineer,106000.0,USD,106000.0,US,100.0,US,L,0.17666666666666667,1.0,Low,0,0,1,0
44,2020,MI,Data Engineer,88000.0,GBP,112872.0,GB,50.0,GB,L,0.18812,0.5,Low,0,0,1,0
45,2020,EN,ML Engineer,14000.0,EUR,15966.0,DE,100.0,DE,S,0.02661,1.0,Low,0,0,0,1
46,2020,MI,Data Scientist,60000.0,GBP,76958.0,GB,100.0,GB,S,0.12826333333333334,1.0,Low,0,0,1,0
47,2020,SE,Data Engineer,188000.0,USD,188000.0,US,100.0,US,L,0.31333333333333335,1.0,Medium,0,0,1,0
48,2020,MI,Data Scientist,105000.0,USD,105000.0,US,100.0,US,L,0.175,1.0,Low,0,0,1,0
49,2020,MI,Data Engineer,61500.0,EUR,70139.0,FR,50.0,FR,L,0.11689833333333334,0.5,Low,0,0,1,0
50,2020,EN,Data Analyst,450000.0,INR,6072.0,IN,0.0,IN,S,0.01012,0.0,Low,0,0,1,0
51,2020,EN,Data Analyst,91000.0,USD,91000.0,US,100.0,US,L,0.15166666666666667,1.0,Low,0,0,1,0
52,2020,EN,AI Scientist,300000.0,DKK,45896.0,DK,50.0,DK,S,0.07649333333333333,0.5,Low,0,0,1,0
53,2020,EN,Data Engineer,48000.0,EUR,54742.0,PK,100.0,DE,L,0.09123666666666666,1.0,Low,0,0,1,0
54,2020,SE,Computer Vision Engineer,60000.0,USD,60000.0,RU,100.0,US,S,0.1,1.0,Low,0,1,0,0
55,2020,SE,Principal Data Scientist,130000.0,EUR,148261.0,DE,100.0,DE,M,0.24710166666666666,1.0,Low,0,0,1,0
56,2020,MI,Data Scientist,34000.0,EUR,38776.0,ES,100.0,ES,M,0.06462666666666667,1.0,Low,0,0,1,0
57,2020,MI,Data Scientist,118000.0,USD,118000.0,US,100.0,US,M,0.19666666666666666,1.0,Low,0,0,1,0
58,2020,SE,Data Scientist,120000.0,USD,120000.0,US,50.0,US,L,0.2,0.5,Low,0,0,1,0
59,2020,MI,Data Scientist,138350.0,USD,138350.0,US,100.0,US,M,0.23058333333333333,1.0,Low,0,0,1,0
60,2020,MI,Data Engineer,110000.0,USD,110000.0,US,100.0,US,L,0.18333333333333332,1.0,Low,0,0,1,0
61,2020,MI,Data Engineer,130800.0,USD,130800.0,ES,100.0,US,M,0.218,1.0,Low,0,0,1,0
62,2020,EN,Data Scientist,19000.0,EUR,21669.0,IT,50.0,IT,S,0.036115,0.5,Low,0,0,0,1
63,2020,SE,Data Scientist,412000.0,USD,412000.0,US,100.0,US,L,0.6866666666666666,1.0,High,0,0,1,0
64,2020,SE,Machine Learning Engineer,40000.0,EUR,45618.0,HR,100.0,HR,S,0.07603,1.0,Low,0,0,1,0
65,2020,EN,Data Scientist,55000.0,EUR,62726.0,DE,50.0,DE,S,0.10454333333333334,0.5,Low,0,0,1,0
66,2020,EN,Data Scientist,43200.0,EUR,49268.0,DE,0.0,DE,S,0.08211333333333333,0.0,Low,0,0,1,0
67,2020,SE,Data Science Manager,190200.0,USD,190200.0,US,100.0,US,M,0.317,1.0,Medium,0,0,1,0
68,2020,EN,Data Scientist,105000.0,USD,105000.0,US,100.0,US,S,0.175,1.0,Low,0,0,1,0
69,2020,SE,Data Scientist,80000.0,EUR,91237.0,AT,0.0,AT,S,0.15206166666666668,0.0,Low,0,0,1,0
70,2020,MI,Data Scientist,55000.0,EUR,62726.0,FR,50.0,LU,S,0.10454333333333334,0.5,Low,0,0,1,0
71,2020,MI,Data Scientist,37000.0,EUR,42197.0,FR,50.0,FR,S,0.07032833333333334,0.5,Low,0,0,1,0
72,2021,EN,Research Scientist,60000.0,GBP,82528.0,GB,50.0,GB,L,0.13754666666666668,0.5,Low,0,0,1,0
73,2021,EX,BI Data Analyst,150000.0,USD,150000.0,IN,100.0,US,L,0.25,1.0,Low,0,0,1,0
74,2021,EX,Head of Data,235000.0,USD,235000.0,US,100.0,US,L,0.39166666666666666,1.0,Medium,0,0,1,0
75,2021,SE,Data Scientist,45000.0,EUR,53192.0,FR,50.0,FR,L,0.08865333333333333,0.5,Low,0,0,1,0
76,2021,MI,BI Data Analyst,100000.0,USD,100000.0,US,100.0,US,M,0.16666666666666666,1.0,Low,0,0,1,0
77,2021,MI,3D Computer Vision Researcher,400000.0,INR,5409.0,IN,50.0,IN,M,0.009015,0.5,Low,0,0,0,1
78,2021,MI,ML Engineer,270000.0,USD,270000.0,US,100.0,US,L,0.45,1.0,Medium,1,0,0,0
79,2021,EN,Data Analyst,80000.0,USD,80000.0,US,100.0,US,M,0.13333333333333333,1.0,Low,0,0,1,0
80,2021,SE,Data Analytics Engineer,67000.0,EUR,79197.0,DE,100.0,DE,L,0.131995,1.0,Low,0,0,1,0
81,2021,MI,Data Engineer,140000.0,USD,140000.0,US,100.0,US,L,0.23333333333333334,1.0,Low,0,0,1,0
82,2021,MI,Applied Data Scientist,68000.0,CAD,54238.0,GB,50.0,CA,L,0.09039666666666667,0.5,Low,0,0,1,0
83,2021,MI,Machine Learning Engineer,40000.0,EUR,47282.0,ES,100.0,ES,S,0.07880333333333334,1.0,Low,0,0,1,0
84,2021,EX,Director of Data Science,130000.0,EUR,153667.0,IT,100.0,PL,L,0.2561116666666667,1.0,Medium,0,0,1,0
85,2021,MI,Data Engineer,110000.0,PLN,28476.0,PL,100.0,PL,L,0.04746,1.0,Low,0,0,1,0
86,2021,EN,Data Analyst,50000.0,EUR,59102.0,FR,50.0,FR,M,0.09850333333333333,0.5,Low,0,0,1,0
87,2021,MI,Data Analytics Engineer,110000.0,USD,110000.0,US,100.0,US,L,0.18333333333333332,1.0,Low,0,0,1,0
88,2021,SE,Lead Data Analyst,170000.0,USD,170000.0,US,100.0,US,L,0.2833333333333333,1.0,Medium,0,0,1,0
89,2021,SE,Data Analyst,80000.0,USD,80000.0,BG,100.0,US,S,0.13333333333333333,1.0,Low,0,0,1,0
90,2021,SE,Marketing Data Analyst,75000.0,EUR,88654.0,GR,100.0,DK,L,0.14775666666666668,1.0,Low,0,0,1,0
91,2021,EN,Data Science Consultant,65000.0,EUR,76833.0,DE,100.0,DE,S,0.128055,1.0,Low,0,0,1,0
92,2021,MI,Lead Data Analyst,1450000.0,INR,19609.0,IN,100.0,IN,L,0.032681666666666664,1.0,Low,0,0,1,0
93,2021,SE,Lead Data Engineer,276000.0,USD,276000.0,US,0.0,US,L,0.46,0.0,Medium,0,0,1,0
94,2021,EN,Data Scientist,2200000.0,INR,29751.0,IN,50.0,IN,L,0.049585,0.5,Low,0,0,1,0
95,2021,MI,Cloud Data Engineer,120000.0,SGD,89294.0,SG,50.0,SG,L,0.14882333333333334,0.5,Low,0,0,1,0
96,2021,EN,AI Scientist,12000.0,USD,12000.0,BR,100.0,US,S,0.02,1.0,Low,0,0,0,1
97,2021,MI,Financial Data Analyst,450000.0,USD,450000.0,US,100.0,US,L,0.75,1.0,High,0,0,1,0
98,2021,EN,Computer Vision Software Engineer,70000.0,USD,70000.0,US,100.0,US,M,0.11666666666666667,1.0,Low,0,0,1,0
99,2021,MI,Computer Vision Software Engineer,81000.0,EUR,95746.0,DE,100.0,US,S,0.15957666666666667,1.0,Low,0,0,1,0
100,2021,MI,Data Analyst,75000.0,USD,75000.0,US,0.0,US,L,0.125,0.0,Low,0,0,1,0
101,2021,SE,Data Engineer,150000.0,USD,150000.0,US,100.0,US,L,0.25,1.0,Low,0,0,1,0
102,2021,MI,BI Data Analyst,11000000.0,HUF,36259.0,HU,50.0,US,L,0.06043166666666667,0.5,Low,0,0,1,0
103,2021,MI,Data Analyst,62000.0,USD,62000.0,US,0.0,US,L,0.10333333333333333,0.0,Low,0,0,1,0
104,2021,MI,Data Scientist,73000.0,USD,73000.0,US,0.0,US,L,0.12166666666666667,0.0,Low,0,0,1,0
105,2021,MI,Data Analyst,37456.0,GBP,51519.0,GB,50.0,GB,L,0.085865,0.5,Low,0,0,1,0
106,2021,MI,Research Scientist,235000.0,CAD,187442.0,CA,100.0,CA,L,0.3124033333333333,1.0,Medium,0,0,1,0
107,2021,SE,Data Engineer,115000.0,USD,115000.0,US,100.0,US,S,0.19166666666666668,1.0,Low,0,0,1,0
108,2021,SE,Data Engineer,150000.0,USD,150000.0,US,100.0,US,M,0.25,1.0,Low,0,0,1,0
109,2021,EN,Data Engineer,2250000.0,INR,30428.0,IN,100.0,IN,L,0.05071333333333333,1.0,Low,0,0,1,0
110,2021,SE,Machine Learning Engineer,80000.0,EUR,94564.0,DE,50.0,DE,L,0.15760666666666667,0.5,Low,0,0,1,0
111,2021,SE,Director of Data Engineering,82500.0,GBP,113476.0,GB,100.0,GB,M,0.18912666666666667,1.0,Low,0,0,1,0
112,2021,SE,Lead Data Engineer,75000.0,GBP,103160.0,GB,100.0,GB,S,0.17193333333333333,1.0,Low,0,0,1,0
113,2021,EN,AI Scientist,12000.0,USD,12000.0,PK,100.0,US,M,0.02,1.0,Low,0,0,0,1
114,2021,MI,Data Engineer,38400.0,EUR,45391.0,NL,100.0,NL,L,0.07565166666666667,1.0,Low,0,0,1,0
115,2021,EN,Machine Learning Scientist,225000.0,USD,225000.0,US,100.0,US,L,0.375,1.0,Medium,0,0,1,0
116,2021,MI,Data Scientist,50000.0,USD,50000.0,NG,100.0,NG,L,0.08333333333333333,1.0,Low,0,0,1,0
117,2021,MI,Data Science Engineer,34000.0,EUR,40189.0,GR,100.0,GR,M,0.06698166666666666,1.0,Low,0,0,1,0
118,2021,EN,Data Analyst,90000.0,USD,90000.0,US,100.0,US,S,0.15,1.0,Low,0,0,1,0
119,2021,MI,Data Engineer,200000.0,USD,200000.0,US,100.0,US,L,0.3333333333333333,1.0,Medium,0,0,1,0
120,2021,MI,Big Data Engineer,60000.0,USD,60000.0,ES,50.0,RO,M,0.1,0.5,Low,0,0,1,0
121,2021,SE,Principal Data Engineer,200000.0,USD,200000.0,US,100.0,US,M,0.3333333333333333,1.0,Medium,0,0,1,0
122,2021,EN,Data Analyst,50000.0,USD,50000.0,US,100.0,US,M,0.08333333333333333,1.0,Low,0,0,1,0
123,2021,EN,Applied Data Scientist,80000.0,GBP,110037.0,GB,0.0,GB,L,0.183395,0.0,Low,0,0,1,0
124,2021,EN,Data Analyst,8760.0,EUR,10354.0,ES,50.0,ES,M,0.017256666666666667,0.5,Low,0,0,0,1
125,2021,MI,Principal Data Scientist,151000.0,USD,151000.0,US,100.0,US,L,0.25166666666666665,1.0,Low,0,0,1,0
126,2021,SE,Machine Learning Scientist,120000.0,USD,120000.0,US,50.0,US,S,0.2,0.5,Low,0,0,1,0
127,2021,MI,Data Scientist,700000.0,INR,9466.0,IN,0.0,IN,S,0.015776666666666668,0.0,Low,0,0,1,0
128,2021,EN,Machine Learning Engineer,20000.0,USD,20000.0,IN,100.0,IN,S,0.03333333333333333,1.0,Low,0,0,1,0
129,2021,SE,Lead Data Scientist,3000000.0,INR,40570.0,IN,50.0,IN,L,0.06761666666666667,0.5,Low,0,0,1,0
130,2021,EN,Machine Learning Developer,100000.0,USD,100000.0,IQ,50.0,IQ,S,0.16666666666666666,0.5,Low,0,0,1,0
131,2021,EN,Data Scientist,42000.0,EUR,49646.0,FR,50.0,FR,M,0.08274333333333334,0.5,Low,0,0,1,0
132,2021,MI,Applied Machine Learning Scientist,38400.0,USD,38400.0,VN,100.0,US,M,0.064,1.0,Low,0,0,1,0
133,2021,SE,Computer Vision Engineer,24000.0,USD,24000.0,BR,100.0,BR,M,0.04,1.0,Low,0,0,1,0
134,2021,EN,Data Scientist,100000.0,USD,100000.0,US,0.0,US,S,0.16666666666666666,0.0,Low,0,0,1,0
135,2021,MI,Data Analyst,90000.0,USD,90000.0,US,100.0,US,M,0.15,1.0,Low,0,0,1,0
136,2021,MI,ML Engineer,7000000.0,JPY,63711.0,JP,50.0,JP,S,0.106185,0.5,Low,0,0,1,0
137,2021,MI,ML Engineer,8500000.0,JPY,77364.0,JP,50.0,JP,S,0.12894,0.5,Low,0,0,1,0
138,2021,SE,Principal Data Scientist,220000.0,USD,220000.0,US,0.0,US,L,0.36666666666666664,0.0,Medium,0,0,1,0
139,2021,EN,Data Scientist,80000.0,USD,80000.0,US,100.0,US,M,0.13333333333333333,1.0,Low,0,0,1,0
140,2021,MI,Data Analyst,135000.0,USD,135000.0,US,100.0,US,L,0.225,1.0,Low,0,0,1,0
141,2021,SE,Data Science Manager,240000.0,USD,240000.0,US,0.0,US,L,0.4,0.0,Medium,0,0,1,0
142,2021,SE,Data Engineering Manager,150000.0,USD,150000.0,US,0.0,US,L,0.25,0.0,Low,0,0,1,0
143,2021,MI,Data Scientist,82500.0,USD,82500.0,US,100.0,US,S,0.1375,1.0,Low,0,0,1,0
144,2021,MI,Data Engineer,100000.0,USD,100000.0,US,100.0,US,L,0.16666666666666666,1.0,Low,0,0,1,0
145,2021,SE,Machine Learning Engineer,70000.0,EUR,82744.0,BE,50.0,BE,M,0.13790666666666668,0.5,Low,0,0,1,0
146,2021,MI,Research Scientist,53000.0,EUR,62649.0,FR,50.0,FR,M,0.104415,0.5,Low,0,0,1,0
147,2021,MI,Data Engineer,90000.0,USD,90000.0,US,100.0,US,L,0.15,1.0,Low,0,0,1,0
148,2021,SE,Data Engineering Manager,153000.0,USD,153000.0,US,100.0,US,L,0.255,1.0,Medium,0,0,1,0
149,2021,SE,Cloud Data Engineer,160000.0,USD,160000.0,BR,100.0,US,S,0.26666666666666666,1.0,Medium,0,0,1,0
150,2021,SE,Director of Data Science,168000.0,USD,168000.0,JP,0.0,JP,S,0.28,0.0,Medium,0,0,1,0
151,2021,MI,Data Scientist,150000.0,USD,150000.0,US,100.0,US,M,0.25,1.0,Low,0,0,1,0
152,2021,MI,Data Scientist,95000.0,CAD,75774.0,CA,100.0,CA,L,0.12629,1.0,Low,0,0,1,0
153,2021,EN,Data Scientist,13400.0,USD,13400.0,UA,100.0,UA,L,0.022333333333333334,1.0,Low,0,0,1,0
154,2021,SE,Data Science Manager,144000.0,USD,144000.0,US,100.0,US,L,0.24,1.0,Low,0,0,1,0
155,2021,SE,Data Science Engineer,159500.0,CAD,127221.0,CA,50.0,CA,L,0.212035,0.5,Low,0,0,1,0
156,2021,MI,Data Scientist,160000.0,SGD,119059.0,SG,100.0,IL,M,0.19843166666666667,1.0,Low,0,0,1,0
157,2021,MI,Applied Machine Learning Scientist,423000.0,USD,423000.0,US,50.0,US,L,0.705,0.5,High,0,0,1,0
158,2021,SE,Data Analytics Manager,120000.0,USD,120000.0,US,100.0,US,M,0.2,1.0,Low,0,0,1,0
159,2021,EN,Machine Learning Engineer,125000.0,USD,125000.0,US,100.0,US,S,0.20833333333333334,1.0,Low,0,0,1,0
160,2021,EX,Head of Data,230000.0,USD,230000.0,RU,50.0,RU,L,0.38333333333333336,0.5,Medium,0,0,1,0
161,2021,EX,Head of Data Science,85000.0,USD,85000.0,RU,0.0,RU,M,0.14166666666666666,0.0,Low,0,0,1,0
162,2021,MI,Data Engineer,24000.0,EUR,28369.0,MT,50.0,MT,L,0.047281666666666666,0.5,Low,0,0,1,0
163,2021,EN,Data Science Consultant,54000.0,EUR,63831.0,DE,50.0,DE,L,0.106385,0.5,Low,0,0,1,0
164,2021,EX,Director of Data Science,110000.0,EUR,130026.0,DE,50.0,DE,M,0.21671,0.5,Low,0,0,1,0
165,2021,SE,Data Specialist,165000.0,USD,165000.0,US,100.0,US,L,0.275,1.0,Medium,0,0,1,0
166,2021,EN,Data Engineer,80000.0,USD,80000.0,US,100.0,US,L,0.13333333333333333,1.0,Low,0,0,1,0
167,2021,EX,Director of Data Science,250000.0,USD,250000.0,US,0.0,US,L,0.4166666666666667,0.0,Medium,0,0,1,0
168,2021,EN,BI Data Analyst,55000.0,USD,55000.0,US,50.0,US,S,0.09166666666666666,0.5,Low,0,0,1,0
169,2021,MI,Data Architect,150000.0,USD,150000.0,US,100.0,US,L,0.25,1.0,Low,0,0,1,0
170,2021,MI,Data Architect,170000.0,USD,170000.0,US,100.0,US,L,0.2833333333333333,1.0,Medium,0,0,1,0
171,2021,MI,Data Engineer,60000.0,GBP,82528.0,GB,100.0,GB,L,0.13754666666666668,1.0,Low,0,0,1,0
172,2021,EN,Data Analyst,60000.0,USD,60000.0,US,100.0,US,S,0.1,1.0,Low,0,0,1,0
173,2021,SE,Principal Data Scientist,235000.0,USD,235000.0,US,100.0,US,L,0.39166666666666666,1.0,Medium,0,0,1,0
174,2021,SE,Research Scientist,51400.0,EUR,60757.0,PT,50.0,PT,L,0.10126166666666667,0.5,Low,0,0,1,0
175,2021,SE,Data Engineering Manager,174000.0,USD,174000.0,US,100.0,US,L,0.29,1.0,Medium,0,0,1,0
176,2021,MI,Data Scientist,58000.0,MXN,2859.0,MX,0.0,MX,S,0.004765,0.0,Low,0,0,1,0
177,2021,MI,Data Scientist,30400000.0,CLP,40038.0,CL,100.0,CL,L,0.06673,1.0,Low,0,0,1,0
178,2021,EN,Machine Learning Engineer,81000.0,USD,81000.0,US,50.0,US,S,0.135,0.5,Low,0,0,1,0
179,2021,MI,Data Scientist,420000.0,INR,5679.0,IN,100.0,US,S,0.009465,1.0,Low,0,0,1,0
180,2021,MI,Big Data Engineer,1672000.0,INR,22611.0,IN,0.0,IN,L,0.037685,0.0,Low,0,0,1,0
181,2021,MI,Data Scientist,76760.0,EUR,90734.0,DE,50.0,DE,L,0.15122333333333332,0.5,Low,0,0,1,0
182,2021,MI,Data Engineer,22000.0,EUR,26005.0,RO,0.0,US,L,0.04334166666666667,0.0,Low,0,0,1,0
183,2021,SE,Finance Data Analyst,45000.0,GBP,61896.0,GB,50.0,GB,L,0.10316,0.5,Low,0,0,1,0
184,2021,MI,Machine Learning Scientist,12000.0,USD,12000.0,PK,50.0,PK,M,0.02,0.5,Low,0,1,0,0
185,2021,MI,Data Engineer,4000.0,USD,4000.0,IR,100.0,IR,M,0.006666666666666667,1.0,Low,0,0,1,0
186,2021,SE,Data Analytics Engineer,50000.0,USD,50000.0,VN,100.0,GB,M,0.08333333333333333,1.0,Low,0,0,1,0
187,2021,EX,Data Science Consultant,59000.0,EUR,69741.0,FR,100.0,ES,S,0.116235,1.0,Low,0,0,1,0
188,2021,SE,Data Engineer,65000.0,EUR,76833.0,RO,50.0,GB,S,0.128055,0.5,Low,0,0,1,0
189,2021,MI,Machine Learning Engineer,74000.0,USD,74000.0,JP,50.0,JP,S,0.12333333333333334,0.5,Low,0,0,1,0
190,2021,SE,Data Science Manager,152000.0,USD,152000.0,US,100.0,FR,L,0.25333333333333335,1.0,Low,0,0,1,0
191,2021,EN,Machine Learning Engineer,21844.0,USD,21844.0,CO,50.0,CO,M,0.036406666666666664,0.5,Low,0,0,1,0
192,2021,MI,Big Data Engineer,18000.0,USD,18000.0,MD,0.0,MD,S,0.03,0.0,Low,0,0,1,0
193,2021,SE,Data Science Manager,174000.0,USD,174000.0,US,100.0,US,L,0.29,1.0,Medium,0,0,1,0
194,2021,SE,Research Scientist,120500.0,CAD,96113.0,CA,50.0,CA,L,0.16018833333333332,0.5,Low,0,0,1,0
195,2021,MI,Data Scientist,147000.0,USD,147000.0,US,50.0,US,L,0.245,0.5,Low,0,0,1,0
196,2021,EN,BI Data Analyst,9272.0,USD,9272.0,KE,100.0,KE,S,0.015453333333333333,1.0,Low,0,0,1,0
197,2021,SE,Machine Learning Engineer,1799997.0,INR,24342.0,IN,100.0,IN,L,0.04057,1.0,Low,0,0,1,0
198,2021,SE,Data Science Manager,4000000.0,INR,54094.0,IN,50.0,US,L,0.09015666666666666,0.5,Low,0,0,1,0
199,2021,EN,Data Science Consultant,90000.0,USD,90000.0,US,100.0,US,S,0.15,1.0,Low,0,0,1,0
200,2021,MI,Data Scientist,52000.0,EUR,61467.0,DE,50.0,AT,M,0.102445,0.5,Low,0,0,1,0
201,2021,SE,Machine Learning Infrastructure Engineer,195000.0,USD,195000.0,US,100.0,US,M,0.325,1.0,Medium,0,0,1,0
202,2021,MI,Data Scientist,32000.0,EUR,37825.0,ES,100.0,ES,L,0.06304166666666666,1.0,Low,0,0,1,0
203,2021,SE,Research Scientist,50000.0,USD,50000.0,FR,100.0,US,S,0.08333333333333333,1.0,Low,0,0,1,0
204,2021,MI,Data Scientist,160000.0,USD,160000.0,US,100.0,US,L,0.26666666666666666,1.0,Medium,0,0,1,0
205,2021,MI,Data Scientist,69600.0,BRL,12901.0,BR,0.0,BR,S,0.021501666666666665,0.0,Low,0,0,1,0
206,2021,SE,Machine Learning Engineer,200000.0,USD,200000.0,US,100.0,US,L,0.3333333333333333,1.0,Medium,0,0,1,0
207,2021,SE,Data Engineer,165000.0,USD,165000.0,US,0.0,US,M,0.275,0.0,Medium,0,0,1,0
208,2021,MI,Data Engineer,20000.0,USD,20000.0,IT,0.0,US,L,0.03333333333333333,0.0,Low,0,1,0,0
209,2021,SE,Data Analytics Manager,120000.0,USD,120000.0,US,0.0,US,L,0.2,0.0,Low,0,0,1,0
210,2021,MI,Machine Learning Engineer,21000.0,EUR,24823.0,SI,50.0,SI,L,0.04137166666666667,0.5,Low,0,0,1,0
211,2021,MI,Research Scientist,48000.0,EUR,56738.0,FR,50.0,FR,S,0.09456333333333333,0.5,Low,0,0,1,0
212,2021,MI,Data Engineer,48000.0,GBP,66022.0,HK,50.0,GB,S,0.11003666666666667,0.5,Low,0,0,1,0
213,2021,EN,Big Data Engineer,435000.0,INR,5882.0,IN,0.0,CH,L,0.009803333333333334,0.0,Low,0,0,1,0
214,2021,EN,Machine Learning Engineer,21000.0,EUR,24823.0,DE,50.0,DE,M,0.04137166666666667,0.5,Low,0,0,1,0
215,2021,SE,Principal Data Engineer,185000.0,USD,185000.0,US,100.0,US,L,0.30833333333333335,1.0,Medium,0,0,1,0
216,2021,EN,Computer Vision Engineer,180000.0,DKK,28609.0,DK,50.0,DK,S,0.047681666666666664,0.5,Low,0,0,0,1
217,2021,MI,Data Scientist,76760.0,EUR,90734.0,DE,50.0,DE,L,0.15122333333333332,0.5,Low,0,0,1,0
218,2021,MI,Machine Learning Engineer,75000.0,EUR,88654.0,BE,100.0,BE,M,0.14775666666666668,1.0,Low,0,0,1,0
219,2021,SE,Data Analytics Manager,140000.0,USD,140000.0,US,100.0,US,L,0.23333333333333334,1.0,Low,0,0,1,0
220,2021,MI,Machine Learning Engineer,180000.0,PLN,46597.0,PL,100.0,PL,L,0.07766166666666667,1.0,Low,0,0,1,0
221,2021,MI,Data Scientist,85000.0,GBP,116914.0,GB,50.0,GB,L,0.19485666666666668,0.5,Low,0,0,1,0
222,2021,MI,Data Scientist,2500000.0,INR,33808.0,IN,0.0,IN,M,0.05634666666666667,0.0,Low,0,0,1,0
223,2021,MI,Data Scientist,40900.0,GBP,56256.0,GB,50.0,GB,L,0.09376,0.5,Low,0,0,1,0
224,2021,SE,Machine Learning Scientist,225000.0,USD,225000.0,US,100.0,CA,L,0.375,1.0,Medium,0,0,1,0
225,2021,EX,Principal Data Scientist,416000.0,USD,416000.0,US,100.0,US,S,0.6933333333333334,1.0,High,1,0,0,0
226,2021,SE,Data Scientist,110000.0,CAD,87738.0,CA,100.0,CA,S,0.14623,1.0,Low,0,0,1,0
227,2021,MI,Data Scientist,75000.0,EUR,88654.0,DE,50.0,DE,L,0.14775666666666668,0.5,Low,0,0,1,0
228,2021,SE,Data Scientist,135000.0,USD,135000.0,US,0.0,US,L,0.225,0.0,Low,0,0,1,0
229,2021,SE,Data Analyst,90000.0,CAD,71786.0,CA,100.0,CA,M,0.11964333333333334,1.0,Low,0,0,1,0
230,2021,EN,Big Data Engineer,1200000.0,INR,16228.0,IN,100.0,IN,L,0.027046666666666667,1.0,Low,0,0,1,0
231,2021,SE,ML Engineer,256000.0,USD,256000.0,US,100.0,US,S,0.4266666666666667,1.0,Medium,0,0,1,0
232,2021,SE,Director of Data Engineering,200000.0,USD,200000.0,US,100.0,US,L,0.3333333333333333,1.0,Medium,0,0,1,0
233,2021,SE,Data Analyst,200000.0,USD,200000.0,US,100.0,US,L,0.3333333333333333,1.0,Medium,0,0,1,0
234,2021,MI,Data Architect,180000.0,USD,180000.0,US,100.0,US,L,0.3,1.0,Medium,0,0,1,0
235,2021,MI,Head of Data Science,110000.0,USD,110000.0,US,0.0,US,S,0.18333333333333332,0.0,Low,0,0,1,0
236,2021,MI,Research Scientist,80000.0,CAD,63810.0,CA,100.0,CA,M,0.10635,1.0,Low,0,0,1,0
237,2021,MI,Data Scientist,39600.0,EUR,46809.0,ES,100.0,ES,M,0.078015,1.0,Low,0,0,1,0
238,2021,EN,Data Scientist,4000.0,USD,4000.0,VN,0.0,VN,M,0.006666666666666667,0.0,Low,0,0,1,0
239,2021,EN,Data Engineer,1600000.0,INR,21637.0,IN,50.0,IN,M,0.036061666666666665,0.5,Low,0,0,1,0
240,2021,SE,Data Scientist,130000.0,CAD,103691.0,CA,100.0,CA,L,0.17281833333333332,1.0,Low,0,0,1,0
241,2021,MI,Data Analyst,80000.0,USD,80000.0,US,100.0,US,L,0.13333333333333333,1.0,Low,0,0,1,0
242,2021,MI,Data Engineer,110000.0,USD,110000.0,US,100.0,US,L,0.18333333333333332,1.0,Low,0,0,1,0
243,2021,SE,Data Scientist,165000.0,USD,165000.0,US,100.0,US,L,0.275,1.0,Medium,0,0,1,0
244,2021,EN,AI Scientist,1335000.0,INR,18053.0,IN,100.0,AS,S,0.030088333333333335,1.0,Low,0,0,1,0
245,2021,MI,Data Engineer,52500.0,GBP,72212.0,GB,50.0,GB,L,0.12035333333333334,0.5,Low,0,0,1,0
246,2021,EN,Data Scientist,31000.0,EUR,36643.0,FR,50.0,FR,L,0.06107166666666667,0.5,Low,0,0,1,0
247,2021,MI,Data Engineer,108000.0,TRY,12103.0,TR,0.0,TR,M,0.020171666666666668,0.0,Low,0,0,1,0
248,2021,SE,Data Engineer,70000.0,GBP,96282.0,GB,50.0,GB,L,0.16047,0.5,Low,0,0,1,0
249,2021,SE,Principal Data Analyst,170000.0,USD,170000.0,US,100.0,US,M,0.2833333333333333,1.0,Medium,0,0,1,0
250,2021,MI,Data Scientist,115000.0,USD,115000.0,US,50.0,US,L,0.19166666666666668,0.5,Low,0,0,1,0
251,2021,EN,Data Scientist,90000.0,USD,90000.0,US,100.0,US,S,0.15,1.0,Low,0,0,1,0
252,2021,EX,Principal Data Engineer,600000.0,USD,600000.0,US,100.0,US,L,1.0,1.0,Really High,0,0,1,0
253,2021,EN,Data Scientist,2100000.0,INR,28399.0,IN,100.0,IN,M,0.04733166666666667,1.0,Low,0,0,1,0
254,2021,MI,Data Analyst,93000.0,USD,93000.0,US,100.0,US,L,0.155,1.0,Low,0,0,1,0
255,2021,SE,Big Data Architect,125000.0,CAD,99703.0,CA,50.0,CA,M,0.16617166666666666,0.5,Low,0,0,1,0
256,2021,MI,Data Engineer,200000.0,USD,200000.0,US,100.0,US,L,0.3333333333333333,1.0,Medium,0,0,1,0
257,2021,SE,Principal Data Scientist,147000.0,EUR,173762.0,DE,100.0,DE,M,0.2896033333333333,1.0,Medium,0,0,1,0
258,2021,SE,Machine Learning Engineer,185000.0,USD,185000.0,US,50.0,US,L,0.30833333333333335,0.5,Medium,0,0,1,0
259,2021,EX,Director of Data Science,120000.0,EUR,141846.0,DE,0.0,DE,L,0.23641,0.0,Low,0,0,1,0
260,2021,MI,Data Scientist,130000.0,USD,130000.0,US,50.0,US,L,0.21666666666666667,0.5,Low,0,0,1,0
261,2021,SE,Data Analyst,54000.0,EUR,63831.0,DE,50.0,DE,L,0.106385,0.5,Low,0,0,1,0
262,2021,MI,Data Scientist,1250000.0,INR,16904.0,IN,100.0,IN,S,0.028173333333333335,1.0,Low,0,0,1,0
263,2021,SE,Machine Learning Engineer,4900000.0,INR,66265.0,IN,0.0,IN,L,0.11044166666666666,0.0,Low,0,0,1,0
264,2021,MI,Data Scientist,21600.0,EUR,25532.0,RS,100.0,DE,S,0.04255333333333333,1.0,Low,0,0,1,0
265,2021,SE,Lead Data Engineer,160000.0,USD,160000.0,PR,50.0,US,S,0.26666666666666666,0.5,Medium,0,0,1,0
266,2021,MI,Data Engineer,93150.0,USD,93150.0,US,0.0,US,M,0.15525,0.0,Low,0,0,1,0
267,2021,MI,Data Engineer,111775.0,USD,111775.0,US,0.0,US,M,0.18629166666666666,0.0,Low,0,0,1,0
268,2021,MI,Data Engineer,250000.0,TRY,28016.0,TR,100.0,TR,M,0.04669333333333334,1.0,Low,0,0,1,0
269,2021,EN,Data Engineer,55000.0,EUR,65013.0,DE,50.0,DE,M,0.108355,0.5,Low,0,0,1,0
270,2021,EN,Data Engineer,72500.0,USD,72500.0,US,100.0,US,L,0.12083333333333333,1.0,Low,0,0,1,0
271,2021,SE,Computer Vision Engineer,102000.0,BRL,18907.0,BR,0.0,BR,M,0.03151166666666667,0.0,Low,0,0,1,0
272,2021,EN,Data Science Consultant,65000.0,EUR,76833.0,DE,0.0,DE,L,0.128055,0.0,Low,0,0,1,0
273,2021,EN,Machine Learning Engineer,85000.0,USD,85000.0,NL,100.0,DE,S,0.14166666666666666,1.0,Low,0,0,1,0
274,2021,SE,Data Scientist,65720.0,EUR,77684.0,FR,50.0,FR,M,0.12947333333333333,0.5,Low,0,0,1,0
275,2021,EN,Data Scientist,100000.0,USD,100000.0,US,100.0,US,M,0.16666666666666666,1.0,Low,0,0,1,0
276,2021,EN,Data Scientist,58000.0,USD,58000.0,US,50.0,US,L,0.09666666666666666,0.5,Low,0,0,1,0
277,2021,SE,AI Scientist,55000.0,USD,55000.0,ES,100.0,ES,L,0.09166666666666666,1.0,Low,0,0,1,0
278,2021,SE,Data Scientist,180000.0,TRY,20171.0,TR,50.0,TR,L,0.03361833333333333,0.5,Low,0,0,1,0
279,2021,EN,Business Data Analyst,50000.0,EUR,59102.0,LU,100.0,LU,L,0.09850333333333333,1.0,Low,0,0,1,0
280,2021,MI,Data Engineer,112000.0,USD,112000.0,US,100.0,US,L,0.18666666666666668,1.0,Low,0,0,1,0
281,2021,EN,Research Scientist,100000.0,USD,100000.0,JE,0.0,CN,L,0.16666666666666666,0.0,Low,0,0,1,0
282,2021,MI,Data Engineer,59000.0,EUR,69741.0,NL,100.0,NL,L,0.116235,1.0,Low,0,0,0,1
283,2021,SE,Staff Data Scientist,105000.0,USD,105000.0,US,100.0,US,M,0.175,1.0,Low,1,0,0,0
284,2021,MI,Research Scientist,69999.0,USD,69999.0,CZ,50.0,CZ,L,0.116665,0.5,Low,0,0,1,0
285,2021,SE,Data Science Manager,7000000.0,INR,94665.0,IN,50.0,IN,L,0.157775,0.5,Low,0,0,1,0
286,2021,SE,Head of Data,87000.0,EUR,102839.0,SI,100.0,SI,L,0.17139833333333335,1.0,Low,0,0,1,0
287,2021,MI,Data Scientist,109000.0,USD,109000.0,US,50.0,US,L,0.18166666666666667,0.5,Low,0,0,1,0
288,2021,MI,Machine Learning Engineer,43200.0,EUR,51064.0,IT,50.0,IT,L,0.08510666666666666,0.5,Low,0,0,1,0
289,2022,SE,Data Engineer,135000.0,USD,135000.0,US,100.0,US,M,0.225,1.0,Low,0,0,1,0
290,2022,SE,Data Analyst,155000.0,USD,155000.0,US,100.0,US,M,0.25833333333333336,1.0,Medium,0,0,1,0
291,2022,SE,Data Analyst,120600.0,USD,120600.0,US,100.0,US,M,0.201,1.0,Low,0,0,1,0
292,2022,MI,Data Scientist,130000.0,USD,130000.0,US,0.0,US,M,0.21666666666666667,0.0,Low,0,0,1,0
293,2022,MI,Data Scientist,90000.0,USD,90000.0,US,0.0,US,M,0.15,0.0,Low,0,0,1,0
294,2022,MI,Data Engineer,170000.0,USD,170000.0,US,100.0,US,M,0.2833333333333333,1.0,Medium,0,0,1,0
295,2022,MI,Data Engineer,150000.0,USD,150000.0,US,100.0,US,M,0.25,1.0,Low,0,0,1,0
296,2022,SE,Data Analyst,102100.0,USD,102100.0,US,100.0,US,M,0.17016666666666666,1.0,Low,0,0,1,0
297,2022,SE,Data Analyst,84900.0,USD,84900.0,US,100.0,US,M,0.1415,1.0,Low,0,0,1,0
298,2022,SE,Data Scientist,136620.0,USD,136620.0,US,100.0,US,M,0.2277,1.0,Low,0,0,1,0
299,2022,SE,Data Scientist,99360.0,USD,99360.0,US,100.0,US,M,0.1656,1.0,Low,0,0,1,0
300,2022,SE,Data Scientist,90000.0,GBP,117789.0,GB,0.0,GB,M,0.196315,0.0,Low,0,0,1,0
301,2022,SE,Data Scientist,80000.0,GBP,104702.0,GB,0.0,GB,M,0.17450333333333334,0.0,Low,0,0,1,0
302,2022,SE,Data Scientist,146000.0,USD,146000.0,US,100.0,US,M,0.24333333333333335,1.0,Low,0,0,1,0
303,2022,SE,Data Scientist,123000.0,USD,123000.0,US,100.0,US,M,0.205,1.0,Low,0,0,1,0
304,2022,EN,Data Engineer,40000.0,GBP,52351.0,GB,100.0,GB,M,0.08725166666666667,1.0,Low,0,0,1,0
305,2022,SE,Data Analyst,99000.0,USD,99000.0,US,0.0,US,M,0.165,0.0,Low,0,0,1,0
306,2022,SE,Data Analyst,116000.0,USD,116000.0,US,0.0,US,M,0.19333333333333333,0.0,Low,0,0,1,0
307,2022,MI,Data Analyst,106260.0,USD,106260.0,US,0.0,US,M,0.1771,0.0,Low,0,0,1,0
308,2022,MI,Data Analyst,126500.0,USD,126500.0,US,0.0,US,M,0.21083333333333334,0.0,Low,0,0,1,0
309,2022,EX,Data Engineer,242000.0,USD,242000.0,US,100.0,US,M,0.4033333333333333,1.0,Medium,0,0,1,0
310,2022,EX,Data Engineer,200000.0,USD,200000.0,US,100.0,US,M,0.3333333333333333,1.0,Medium,0,0,1,0
311,2022,MI,Data Scientist,50000.0,GBP,65438.0,GB,0.0,GB,M,0.10906333333333333,0.0,Low,0,0,1,0
312,2022,MI,Data Scientist,30000.0,GBP,39263.0,GB,0.0,GB,M,0.06543833333333333,0.0,Low,0,0,1,0
313,2022,MI,Data Engineer,60000.0,GBP,78526.0,GB,0.0,GB,M,0.13087666666666667,0.0,Low,0,0,1,0
314,2022,MI,Data Engineer,40000.0,GBP,52351.0,GB,0.0,GB,M,0.08725166666666667,0.0,Low,0,0,1,0
315,2022,SE,Data Scientist,165220.0,USD,165220.0,US,100.0,US,M,0.27536666666666665,1.0,Medium,0,0,1,0
316,2022,EN,Data Engineer,35000.0,GBP,45807.0,GB,100.0,GB,M,0.076345,1.0,Low,0,0,1,0
317,2022,SE,Data Scientist,120160.0,USD,120160.0,US,100.0,US,M,0.20026666666666668,1.0,Low,0,0,1,0
318,2022,SE,Data Analyst,90320.0,USD,90320.0,US,100.0,US,M,0.15053333333333332,1.0,Low,0,0,1,0
319,2022,SE,Data Engineer,181940.0,USD,181940.0,US,0.0,US,M,0.30323333333333335,0.0,Medium,0,0,1,0
320,2022,SE,Data Engineer,132320.0,USD,132320.0,US,0.0,US,M,0.22053333333333333,0.0,Low,0,0,1,0
321,2022,SE,Data Engineer,220110.0,USD,220110.0,US,0.0,US,M,0.36685,0.0,Medium,0,0,1,0
322,2022,SE,Data Engineer,160080.0,USD,160080.0,US,0.0,US,M,0.2668,0.0,Medium,0,0,1,0
323,2022,SE,Data Scientist,180000.0,USD,180000.0,US,0.0,US,L,0.3,0.0,Medium,0,0,1,0
324,2022,SE,Data Scientist,120000.0,USD,120000.0,US,0.0,US,L,0.2,0.0,Low,0,0,1,0
325,2022,SE,Data Analyst,124190.0,USD,124190.0,US,100.0,US,M,0.20698333333333332,1.0,Low,0,0,1,0
326,2022,EX,Data Analyst,130000.0,USD,130000.0,US,100.0,US,M,0.21666666666666667,1.0,Low,0,0,1,0
327,2022,EX,Data Analyst,110000.0,USD,110000.0,US,100.0,US,M,0.18333333333333332,1.0,Low,0,0,1,0
328,2022,SE,Data Analyst,170000.0,USD,170000.0,US,100.0,US,M,0.2833333333333333,1.0,Medium,0,0,1,0
329,2022,MI,Data Analyst,115500.0,USD,115500.0,US,100.0,US,M,0.1925,1.0,Low,0,0,1,0
330,2022,SE,Data Analyst,112900.0,USD,112900.0,US,100.0,US,M,0.18816666666666668,1.0,Low,0,0,1,0
331,2022,SE,Data Analyst,90320.0,USD,90320.0,US,100.0,US,M,0.15053333333333332,1.0,Low,0,0,1,0
332,2022,SE,Data Analyst,112900.0,USD,112900.0,US,100.0,US,M,0.18816666666666668,1.0,Low,0,0,1,0
333,2022,SE,Data Analyst,90320.0,USD,90320.0,US,100.0,US,M,0.15053333333333332,1.0,Low,0,0,1,0
334,2022,SE,Data Engineer,165400.0,USD,165400.0,US,100.0,US,M,0.27566666666666667,1.0,Medium,0,0,1,0
335,2022,SE,Data Engineer,132320.0,USD,132320.0,US,100.0,US,M,0.22053333333333333,1.0,Low,0,0,1,0
336,2022,MI,Data Analyst,167000.0,USD,167000.0,US,100.0,US,M,0.2783333333333333,1.0,Medium,0,0,1,0
337,2022,SE,Data Engineer,243900.0,USD,243900.0,US,100.0,US,M,0.4065,1.0,Medium,0,0,1,0
338,2022,SE,Data Analyst,136600.0,USD,136600.0,US,100.0,US,M,0.22766666666666666,1.0,Low,0,0,1,0
339,2022,SE,Data Analyst,109280.0,USD,109280.0,US,100.0,US,M,0.18213333333333334,1.0,Low,0,0,1,0
340,2022,SE,Data Engineer,128875.0,USD,128875.0,US,100.0,US,M,0.21479166666666666,1.0,Low,0,0,1,0
341,2022,SE,Data Engineer,93700.0,USD,93700.0,US,100.0,US,M,0.15616666666666668,1.0,Low,0,0,1,0
342,2022,EX,Head of Data Science,224000.0,USD,224000.0,US,100.0,US,M,0.37333333333333335,1.0,Medium,0,0,1,0
343,2022,EX,Head of Data Science,167875.0,USD,167875.0,US,100.0,US,M,0.27979166666666666,1.0,Medium,0,0,1,0
344,2022,EX,Analytics Engineer,175000.0,USD,175000.0,US,100.0,US,M,0.2916666666666667,1.0,Medium,0,0,1,0
345,2022,SE,Data Engineer,156600.0,USD,156600.0,US,100.0,US,M,0.261,1.0,Medium,0,0,1,0
346,2022,SE,Data Engineer,108800.0,USD,108800.0,US,0.0,US,M,0.18133333333333335,0.0,Low,0,0,1,0
347,2022,SE,Data Scientist,95550.0,USD,95550.0,US,0.0,US,M,0.15925,0.0,Low,0,0,1,0
348,2022,SE,Data Engineer,113000.0,USD,113000.0,US,0.0,US,L,0.18833333333333332,0.0,Low,0,0,1,0
349,2022,SE,Data Analyst,135000.0,USD,135000.0,US,100.0,US,M,0.225,1.0,Low,0,0,1,0
350,2022,SE,Data Science Manager,161342.0,USD,161342.0,US,100.0,US,M,0.2689033333333333,1.0,Medium,0,0,1,0
351,2022,SE,Data Science Manager,137141.0,USD,137141.0,US,100.0,US,M,0.22856833333333335,1.0,Low,0,0,1,0
352,2022,SE,Data Scientist,167000.0,USD,167000.0,US,100.0,US,M,0.2783333333333333,1.0,Medium,0,0,1,0
353,2022,SE,Data Scientist,123000.0,USD,123000.0,US,100.0,US,M,0.205,1.0,Low,0,0,1,0
354,2022,SE,Data Engineer,60000.0,GBP,78526.0,GB,0.0,GB,M,0.13087666666666667,0.0,Low,0,0,1,0
355,2022,SE,Data Engineer,50000.0,GBP,65438.0,GB,0.0,GB,M,0.10906333333333333,0.0,Low,0,0,1,0
356,2022,SE,Data Scientist,150000.0,USD,150000.0,US,0.0,US,M,0.25,0.0,Low,0,0,1,0
357,2022,SE,Data Scientist,211500.0,USD,211500.0,US,100.0,US,M,0.3525,1.0,Medium,0,0,1,0
358,2022,SE,Data Architect,192400.0,USD,192400.0,CA,100.0,CA,M,0.32066666666666666,1.0,Medium,0,0,1,0
359,2022,SE,Data Architect,90700.0,USD,90700.0,CA,100.0,CA,M,0.15116666666666667,1.0,Low,0,0,1,0
360,2022,SE,Data Analyst,130000.0,USD,130000.0,CA,100.0,CA,M,0.21666666666666667,1.0,Low,0,0,1,0
361,2022,SE,Data Analyst,61300.0,USD,61300.0,CA,100.0,CA,M,0.10216666666666667,1.0,Low,0,0,1,0
362,2022,SE,Data Analyst,130000.0,USD,130000.0,CA,100.0,CA,M,0.21666666666666667,1.0,Low,0,0,1,0
363,2022,SE,Data Analyst,61300.0,USD,61300.0,CA,100.0,CA,M,0.10216666666666667,1.0,Low,0,0,1,0
364,2022,SE,Data Engineer,160000.0,USD,160000.0,US,0.0,US,L,0.26666666666666666,0.0,Medium,0,0,1,0
365,2022,SE,Data Scientist,138600.0,USD,138600.0,US,100.0,US,M,0.231,1.0,Low,0,0,1,0
366,2022,SE,Data Engineer,136000.0,USD,136000.0,US,0.0,US,M,0.22666666666666666,0.0,Low,0,0,1,0
367,2022,MI,Data Analyst,58000.0,USD,58000.0,US,0.0,US,S,0.09666666666666666,0.0,Low,0,0,1,0
368,2022,EX,Analytics Engineer,135000.0,USD,135000.0,US,100.0,US,M,0.225,1.0,Low,0,0,1,0
369,2022,SE,Data Scientist,170000.0,USD,170000.0,US,100.0,US,M,0.2833333333333333,1.0,Medium,0,0,1,0
370,2022,SE,Data Scientist,123000.0,USD,123000.0,US,100.0,US,M,0.205,1.0,Low,0,0,1,0
371,2022,SE,Machine Learning Engineer,189650.0,USD,189650.0,US,0.0,US,M,0.3160833333333333,0.0,Medium,0,0,1,0
372,2022,SE,Machine Learning Engineer,164996.0,USD,164996.0,US,0.0,US,M,0.2749933333333333,0.0,Medium,0,0,1,0
373,2022,MI,ETL Developer,50000.0,EUR,54957.0,GR,0.0,GR,M,0.091595,0.0,Low,0,0,1,0
374,2022,MI,ETL Developer,50000.0,EUR,54957.0,GR,0.0,GR,M,0.091595,0.0,Low,0,0,1,0
375,2022,EX,Lead Data Engineer,150000.0,CAD,118187.0,CA,100.0,CA,S,0.19697833333333334,1.0,Low,0,0,1,0
376,2022,SE,Data Analyst,132000.0,USD,132000.0,US,0.0,US,M,0.22,0.0,Low,0,0,1,0
377,2022,SE,Data Engineer,165400.0,USD,165400.0,US,100.0,US,M,0.27566666666666667,1.0,Medium,0,0,1,0
378,2022,SE,Data Architect,208775.0,USD,208775.0,US,100.0,US,M,0.3479583333333333,1.0,Medium,0,0,1,0
379,2022,SE,Data Architect,147800.0,USD,147800.0,US,100.0,US,M,0.24633333333333332,1.0,Low,0,0,1,0
380,2022,SE,Data Engineer,136994.0,USD,136994.0,US,100.0,US,M,0.22832333333333332,1.0,Low,0,0,1,0
381,2022,SE,Data Engineer,101570.0,USD,101570.0,US,100.0,US,M,0.16928333333333334,1.0,Low,0,0,1,0
382,2022,SE,Data Analyst,128875.0,USD,128875.0,US,100.0,US,M,0.21479166666666666,1.0,Low,0,0,1,0
383,2022,SE,Data Analyst,93700.0,USD,93700.0,US,100.0,US,M,0.15616666666666668,1.0,Low,0,0,1,0
384,2022,EX,Head of Machine Learning,6000000.0,INR,79039.0,IN,50.0,IN,L,0.13173166666666666,0.5,Low,0,0,1,0
385,2022,SE,Data Engineer,132320.0,USD,132320.0,US,100.0,US,M,0.22053333333333333,1.0,Low,0,0,1,0
386,2022,EN,Machine Learning Engineer,28500.0,GBP,37300.0,GB,100.0,GB,L,0.06216666666666667,1.0,Low,0,0,1,0
387,2022,SE,Data Analyst,164000.0,USD,164000.0,US,0.0,US,M,0.2733333333333333,0.0,Medium,0,0,1,0
388,2022,SE,Data Engineer,155000.0,USD,155000.0,US,100.0,US,M,0.25833333333333336,1.0,Medium,0,0,1,0
389,2022,MI,Machine Learning Engineer,95000.0,GBP,124333.0,GB,0.0,GB,M,0.20722166666666667,0.0,Low,0,0,1,0
390,2022,MI,Machine Learning Engineer,75000.0,GBP,98158.0,GB,0.0,GB,M,0.16359666666666667,0.0,Low,0,0,1,0
391,2022,MI,AI Scientist,120000.0,USD,120000.0,US,0.0,US,M,0.2,0.0,Low,0,0,1,0
392,2022,SE,Data Analyst,112900.0,USD,112900.0,US,100.0,US,M,0.18816666666666668,1.0,Low,0,0,1,0
393,2022,SE,Data Analyst,90320.0,USD,90320.0,US,100.0,US,M,0.15053333333333332,1.0,Low,0,0,1,0
394,2022,SE,Data Analytics Manager,145000.0,USD,145000.0,US,100.0,US,M,0.24166666666666667,1.0,Low,0,0,1,0
395,2022,SE,Data Analytics Manager,105400.0,USD,105400.0,US,100.0,US,M,0.17566666666666667,1.0,Low,0,0,1,0
396,2022,MI,Machine Learning Engineer,80000.0,EUR,87932.0,FR,100.0,DE,M,0.14655333333333334,1.0,Low,0,0,1,0
397,2022,MI,Data Engineer,90000.0,GBP,117789.0,GB,0.0,GB,M,0.196315,0.0,Low,0,0,1,0
398,2022,SE,Data Scientist,215300.0,USD,215300.0,US,100.0,US,L,0.35883333333333334,1.0,Medium,0,0,1,0
399,2022,SE,Data Scientist,158200.0,USD,158200.0,US,100.0,US,L,0.26366666666666666,1.0,Medium,0,0,1,0
400,2022,SE,Data Engineer,209100.0,USD,209100.0,US,100.0,US,L,0.3485,1.0,Medium,0,0,1,0
401,2022,SE,Data Engineer,154600.0,USD,154600.0,US,100.0,US,L,0.25766666666666665,1.0,Medium,0,0,1,0
402,2022,SE,Data Analyst,115934.0,USD,115934.0,US,0.0,US,M,0.19322333333333333,0.0,Low,0,0,1,0
403,2022,SE,Data Analyst,81666.0,USD,81666.0,US,0.0,US,M,0.13611,0.0,Low,0,0,1,0
404,2022,SE,Data Engineer,175000.0,USD,175000.0,US,100.0,US,M,0.2916666666666667,1.0,Medium,0,0,1,0
405,2022,MI,Data Engineer,75000.0,GBP,98158.0,GB,0.0,GB,M,0.16359666666666667,0.0,Low,0,0,1,0
406,2022,MI,Data Analyst,58000.0,USD,58000.0,US,0.0,US,S,0.09666666666666666,0.0,Low,0,0,1,0
407,2022,SE,Data Engineer,183600.0,USD,183600.0,US,100.0,US,L,0.306,1.0,Medium,0,0,1,0
408,2022,MI,Data Analyst,40000.0,GBP,52351.0,GB,100.0,GB,M,0.08725166666666667,1.0,Low,0,0,1,0
409,2022,SE,Data Scientist,180000.0,USD,180000.0,US,100.0,US,M,0.3,1.0,Medium,0,0,1,0
410,2022,MI,Data Scientist,55000.0,GBP,71982.0,GB,0.0,GB,M,0.11997,0.0,Low,0,0,1,0
411,2022,MI,Data Scientist,35000.0,GBP,45807.0,GB,0.0,GB,M,0.076345,0.0,Low,0,0,1,0
412,2022,MI,Data Engineer,60000.0,EUR,65949.0,GR,100.0,GR,M,0.109915,1.0,Low,0,0,1,0
413,2022,MI,Data Engineer,45000.0,EUR,49461.0,GR,100.0,GR,M,0.082435,1.0,Low,0,0,1,0
414,2022,MI,Data Engineer,60000.0,GBP,78526.0,GB,100.0,GB,M,0.13087666666666667,1.0,Low,0,0,1,0
415,2022,MI,Data Engineer,45000.0,GBP,58894.0,GB,100.0,GB,M,0.09815666666666667,1.0,Low,0,0,1,0
416,2022,SE,Data Scientist,260000.0,USD,260000.0,US,100.0,US,M,0.43333333333333335,1.0,Medium,0,0,1,0
417,2022,SE,Data Science Engineer,60000.0,USD,60000.0,AR,100.0,MX,L,0.1,1.0,Low,0,0,1,0
418,2022,MI,Data Engineer,63900.0,USD,63900.0,US,0.0,US,M,0.1065,0.0,Low,0,0,1,0
419,2022,MI,Machine Learning Scientist,160000.0,USD,160000.0,US,100.0,US,L,0.26666666666666666,1.0,Medium,0,0,1,0
420,2022,MI,Machine Learning Scientist,112300.0,USD,112300.0,US,100.0,US,L,0.18716666666666668,1.0,Low,0,0,1,0
421,2022,MI,Data Science Manager,241000.0,USD,241000.0,US,100.0,US,M,0.40166666666666667,1.0,Medium,0,0,1,0
422,2022,MI,Data Science Manager,159000.0,USD,159000.0,US,100.0,US,M,0.265,1.0,Medium,0,0,1,0
423,2022,SE,Data Scientist,180000.0,USD,180000.0,US,0.0,US,M,0.3,0.0,Medium,0,0,1,0
424,2022,SE,Data Scientist,80000.0,USD,80000.0,US,0.0,US,M,0.13333333333333333,0.0,Low,0,0,1,0
425,2022,MI,Data Engineer,82900.0,USD,82900.0,US,0.0,US,M,0.13816666666666666,0.0,Low,0,0,1,0
426,2022,SE,Data Engineer,100800.0,USD,100800.0,US,100.0,US,L,0.168,1.0,Low,0,0,1,0
427,2022,MI,Data Engineer,45000.0,EUR,49461.0,ES,100.0,ES,M,0.082435,1.0,Low,0,0,1,0
428,2022,SE,Data Scientist,140400.0,USD,140400.0,US,0.0,US,L,0.234,0.0,Low,0,0,1,0
429,2022,MI,Data Analyst,30000.0,GBP,39263.0,GB,100.0,GB,M,0.06543833333333333,1.0,Low,0,0,1,0
430,2022,MI,Data Analyst,40000.0,EUR,43966.0,ES,100.0,ES,M,0.07327666666666667,1.0,Low,0,0,1,0
431,2022,MI,Data Analyst,30000.0,EUR,32974.0,ES,100.0,ES,M,0.05495666666666667,1.0,Low,0,0,1,0
432,2022,MI,Data Engineer,80000.0,EUR,87932.0,ES,100.0,ES,M,0.14655333333333334,1.0,Low,0,0,1,0
433,2022,MI,Data Engineer,70000.0,EUR,76940.0,ES,100.0,ES,M,0.12823333333333334,1.0,Low,0,0,1,0
434,2022,MI,Data Engineer,80000.0,GBP,104702.0,GB,100.0,GB,M,0.17450333333333334,1.0,Low,0,0,1,0
435,2022,MI,Data Engineer,70000.0,GBP,91614.0,GB,100.0,GB,M,0.15269,1.0,Low,0,0,1,0
436,2022,MI,Data Engineer,60000.0,EUR,65949.0,ES,100.0,ES,M,0.109915,1.0,Low,0,0,1,0
437,2022,MI,Data Engineer,80000.0,EUR,87932.0,GR,100.0,GR,M,0.14655333333333334,1.0,Low,0,0,1,0
438,2022,SE,Machine Learning Engineer,189650.0,USD,189650.0,US,0.0,US,M,0.3160833333333333,0.0,Medium,0,0,1,0
439,2022,SE,Machine Learning Engineer,164996.0,USD,164996.0,US,0.0,US,M,0.2749933333333333,0.0,Medium,0,0,1,0
440,2022,MI,Data Analyst,40000.0,EUR,43966.0,GR,100.0,GR,M,0.07327666666666667,1.0,Low,0,0,1,0
441,2022,MI,Data Analyst,30000.0,EUR,32974.0,GR,100.0,GR,M,0.05495666666666667,1.0,Low,0,0,1,0
442,2022,MI,Data Engineer,75000.0,GBP,98158.0,GB,100.0,GB,M,0.16359666666666667,1.0,Low,0,0,1,0
443,2022,MI,Data Engineer,60000.0,GBP,78526.0,GB,100.0,GB,M,0.13087666666666667,1.0,Low,0,0,1,0
444,2022,SE,Data Scientist,215300.0,USD,215300.0,US,0.0,US,L,0.35883333333333334,0.0,Medium,0,0,1,0
445,2022,MI,Data Engineer,70000.0,EUR,76940.0,GR,100.0,GR,M,0.12823333333333334,1.0,Low,0,0,1,0
446,2022,SE,Data Engineer,209100.0,USD,209100.0,US,100.0,US,L,0.3485,1.0,Medium,0,0,1,0
447,2022,SE,Data Engineer,154600.0,USD,154600.0,US,100.0,US,L,0.25766666666666665,1.0,Medium,0,0,1,0
448,2022,SE,Data Engineer,180000.0,USD,180000.0,US,100.0,US,M,0.3,1.0,Medium,0,0,1,0
449,2022,EN,ML Engineer,20000.0,EUR,21983.0,PT,100.0,PT,L,0.036638333333333335,1.0,Low,0,0,1,0
450,2022,SE,Data Engineer,80000.0,USD,80000.0,US,100.0,US,M,0.13333333333333333,1.0,Low,0,0,1,0
451,2022,MI,Machine Learning Developer,100000.0,CAD,78791.0,CA,100.0,CA,M,0.13131833333333334,1.0,Low,0,0,1,0
452,2022,EX,Director of Data Science,250000.0,CAD,196979.0,CA,50.0,CA,L,0.32829833333333336,0.5,Medium,0,0,1,0
453,2022,MI,Machine Learning Engineer,120000.0,USD,120000.0,US,100.0,US,S,0.2,1.0,Low,0,0,1,0
454,2022,EN,Computer Vision Engineer,125000.0,USD,125000.0,US,0.0,US,M,0.20833333333333334,0.0,Low,0,0,1,0
455,2022,MI,NLP Engineer,240000.0,CNY,37236.0,US,50.0,US,L,0.06206,0.5,Low,0,0,1,0
456,2022,SE,Data Engineer,105000.0,USD,105000.0,US,100.0,US,M,0.175,1.0,Low,0,0,1,0
457,2022,SE,Lead Machine Learning Engineer,80000.0,EUR,87932.0,DE,0.0,DE,M,0.14655333333333334,0.0,Low,0,0,1,0
458,2022,MI,Business Data Analyst,1400000.0,INR,18442.0,IN,100.0,IN,M,0.030736666666666666,1.0,Low,0,0,1,0
459,2022,MI,Data Scientist,2400000.0,INR,31615.0,IN,100.0,IN,L,0.052691666666666664,1.0,Low,0,0,1,0
460,2022,MI,Machine Learning Infrastructure Engineer,53000.0,EUR,58255.0,PT,50.0,PT,L,0.09709166666666667,0.5,Low,0,0,1,0
461,2022,EN,Financial Data Analyst,100000.0,USD,100000.0,US,50.0,US,L,0.16666666666666666,0.5,Low,0,0,1,0
462,2022,MI,Data Engineer,50000.0,EUR,54957.0,DE,50.0,DE,L,0.091595,0.5,Low,0,0,0,1
463,2022,EN,Data Scientist,1400000.0,INR,18442.0,IN,100.0,IN,M,0.030736666666666666,1.0,Low,0,0,1,0
464,2022,SE,Principal Data Scientist,148000.0,EUR,162674.0,DE,100.0,DE,M,0.2711233333333333,1.0,Medium,0,0,1,0
465,2022,EN,Data Engineer,120000.0,USD,120000.0,US,100.0,US,M,0.2,1.0,Low,0,0,1,0
466,2022,SE,Research Scientist,144000.0,USD,144000.0,US,50.0,US,L,0.24,0.5,Low,0,0,1,0
467,2022,SE,Data Scientist,104890.0,USD,104890.0,US,100.0,US,M,0.17481666666666668,1.0,Low,0,0,1,0
468,2022,SE,Data Engineer,100000.0,USD,100000.0,US,100.0,US,M,0.16666666666666666,1.0,Low,0,0,1,0
469,2022,SE,Data Scientist,140000.0,USD,140000.0,US,100.0,US,M,0.23333333333333334,1.0,Low,0,0,1,0
470,2022,MI,Data Analyst,135000.0,USD,135000.0,US,100.0,US,M,0.225,1.0,Low,0,0,1,0
471,2022,MI,Data Analyst,50000.0,USD,50000.0,US,100.0,US,M,0.08333333333333333,1.0,Low,0,0,1,0
472,2022,SE,Data Scientist,220000.0,USD,220000.0,US,100.0,US,M,0.36666666666666664,1.0,Medium,0,0,1,0
473,2022,SE,Data Scientist,140000.0,USD,140000.0,US,100.0,US,M,0.23333333333333334,1.0,Low,0,0,1,0
474,2022,MI,Data Scientist,140000.0,GBP,183228.0,GB,0.0,GB,M,0.30538,0.0,Medium,0,0,1,0
475,2022,MI,Data Scientist,70000.0,GBP,91614.0,GB,0.0,GB,M,0.15269,0.0,Low,0,0,1,0
476,2022,SE,Data Scientist,185100.0,USD,185100.0,US,100.0,US,M,0.3085,1.0,Medium,0,0,1,0
477,2022,SE,Machine Learning Engineer,220000.0,USD,220000.0,US,100.0,US,M,0.36666666666666664,1.0,Medium,0,0,1,0
478,2022,MI,Data Scientist,200000.0,USD,200000.0,US,100.0,US,M,0.3333333333333333,1.0,Medium,0,0,1,0
479,2022,MI,Data Scientist,120000.0,USD,120000.0,US,100.0,US,M,0.2,1.0,Low,0,0,1,0
480,2022,SE,Machine Learning Engineer,120000.0,USD,120000.0,AE,100.0,AE,S,0.2,1.0,Low,0,0,1,0
481,2022,SE,Machine Learning Engineer,65000.0,USD,65000.0,AE,100.0,AE,S,0.10833333333333334,1.0,Low,0,0,1,0
482,2022,EX,Data Engineer,324000.0,USD,324000.0,US,100.0,US,M,0.54,1.0,High,0,0,1,0
483,2022,EX,Data Engineer,216000.0,USD,216000.0,US,100.0,US,M,0.36,1.0,Medium,0,0,1,0
484,2022,SE,Data Engineer,210000.0,USD,210000.0,US,100.0,US,M,0.35,1.0,Medium,0,0,1,0
485,2022,SE,Machine Learning Engineer,120000.0,USD,120000.0,US,100.0,US,M,0.2,1.0,Low,0,0,1,0
486,2022,SE,Data Scientist,230000.0,USD,230000.0,US,100.0,US,M,0.38333333333333336,1.0,Medium,0,0,1,0
487,2022,EN,Data Scientist,100000.0,USD,100000.0,DZ,50.0,DZ,M,0.16666666666666666,0.5,Low,0,0,0,1
488,2022,MI,Data Scientist,100000.0,USD,100000.0,CA,100.0,US,M,0.16666666666666666,1.0,Low,0,1,0,0
489,2022,EN,Applied Machine Learning Scientist,29000.0,EUR,31875.0,TN,100.0,CZ,M,0.053125,1.0,Low,1,0,0,0
490,2022,SE,Head of Data,200000.0,USD,200000.0,MY,100.0,US,M,0.3333333333333333,1.0,Medium,0,0,1,0
491,2022,MI,Principal Data Analyst,75000.0,USD,75000.0,CA,100.0,CA,S,0.125,1.0,Low,0,0,1,0
492,2022,MI,Data Scientist,150000.0,PLN,35590.0,PL,100.0,PL,L,0.05931666666666666,1.0,Low,0,0,1,0
493,2022,SE,Machine Learning Developer,100000.0,CAD,78791.0,CA,100.0,CA,M,0.13131833333333334,1.0,Low,0,0,1,0
494,2022,SE,Data Scientist,100000.0,USD,100000.0,BR,100.0,US,M,0.16666666666666666,1.0,Low,0,0,1,0
495,2022,MI,Machine Learning Scientist,153000.0,USD,153000.0,US,50.0,US,M,0.255,0.5,Medium,0,0,1,0
496,2022,EN,Data Engineer,52800.0,EUR,58035.0,PK,100.0,DE,M,0.096725,1.0,Low,0,0,1,0
497,2022,SE,Data Scientist,165000.0,USD,165000.0,US,100.0,US,M,0.275,1.0,Medium,0,0,1,0
498,2022,SE,Research Scientist,85000.0,EUR,93427.0,FR,50.0,FR,L,0.15571166666666666,0.5,Low,0,0,1,0
499,2022,EN,Data Scientist,66500.0,CAD,52396.0,CA,100.0,CA,L,0.08732666666666666,1.0,Low,0,0,1,0
500,2022,SE,Machine Learning Engineer,57000.0,EUR,62651.0,NL,100.0,NL,L,0.10441833333333334,1.0,Low,0,0,1,0
501,2022,MI,Head of Data,30000.0,EUR,32974.0,EE,100.0,EE,S,0.05495666666666667,1.0,Low,0,0,1,0
502,2022,EN,Data Scientist,40000.0,USD,40000.0,JP,100.0,MY,L,0.06666666666666667,1.0,Low,0,0,1,0
503,2022,MI,Machine Learning Engineer,121000.0,AUD,87425.0,AU,100.0,AU,L,0.14570833333333333,1.0,Low,0,0,1,0
504,2022,SE,Data Engineer,115000.0,USD,115000.0,US,100.0,US,M,0.19166666666666668,1.0,Low,0,0,1,0
505,2022,EN,Data Scientist,120000.0,AUD,86703.0,AU,50.0,AU,M,0.144505,0.5,Low,0,0,1,0
506,2022,MI,Applied Machine Learning Scientist,75000.0,USD,75000.0,BO,100.0,US,L,0.125,1.0,Low,0,0,1,0
507,2022,MI,Research Scientist,59000.0,EUR,64849.0,AT,0.0,AT,L,0.10808166666666667,0.0,Low,0,0,1,0
508,2022,EN,Research Scientist,120000.0,USD,120000.0,US,100.0,US,L,0.2,1.0,Low,0,0,1,0
509,2022,MI,Applied Data Scientist,157000.0,USD,157000.0,US,100.0,US,L,0.26166666666666666,1.0,Medium,0,0,1,0
510,2022,EN,Computer Vision Software Engineer,150000.0,USD,150000.0,AU,100.0,AU,S,0.25,1.0,Low,0,0,1,0
511,2022,MI,Business Data Analyst,90000.0,CAD,70912.0,CA,50.0,CA,L,0.11818666666666666,0.5,Low,0,0,1,0
512,2022,EN,Data Engineer,65000.0,USD,65000.0,US,100.0,US,S,0.10833333333333334,1.0,Low,0,0,1,0
513,2022,SE,Machine Learning Engineer,65000.0,EUR,71444.0,IE,100.0,IE,S,0.11907333333333334,1.0,Low,0,0,1,0
514,2022,EN,Data Analytics Engineer,20000.0,USD,20000.0,PK,0.0,PK,M,0.03333333333333333,0.0,Low,0,0,1,0
515,2022,MI,Data Scientist,48000.0,USD,48000.0,RU,100.0,US,S,0.08,1.0,Low,0,0,1,0
516,2022,SE,Data Science Manager,152500.0,USD,152500.0,US,100.0,US,M,0.25416666666666665,1.0,Medium,0,0,1,0
517,2022,MI,Data Engineer,62000.0,EUR,68147.0,FR,100.0,FR,M,0.11357833333333334,1.0,Low,0,0,1,0
518,2022,MI,Data Scientist,115000.0,CHF,122346.0,CH,0.0,CH,L,0.20391,0.0,Low,0,0,1,0
519,2022,SE,Applied Data Scientist,380000.0,USD,380000.0,US,100.0,US,L,0.6333333333333333,1.0,High,0,0,1,0
520,2022,MI,Data Scientist,88000.0,CAD,69336.0,CA,100.0,CA,M,0.11556,1.0,Low,0,0,1,0
521,2022,EN,Computer Vision Engineer,10000.0,USD,10000.0,PT,100.0,LU,M,0.016666666666666666,1.0,Low,0,0,1,0
522,2022,MI,Data Analyst,20000.0,USD,20000.0,GR,100.0,GR,S,0.03333333333333333,1.0,Low,0,0,1,0
523,2022,SE,Data Analytics Lead,405000.0,USD,405000.0,US,100.0,US,L,0.675,1.0,High,0,0,1,0
524,2022,MI,Data Scientist,135000.0,USD,135000.0,US,100.0,US,L,0.225,1.0,Low,0,0,1,0
525,2022,SE,Applied Data Scientist,177000.0,USD,177000.0,US,100.0,US,L,0.295,1.0,Medium,0,0,1,0
526,2022,MI,Data Scientist,78000.0,USD,78000.0,US,100.0,US,M,0.13,1.0,Low,0,0,1,0
527,2022,SE,Data Analyst,135000.0,USD,135000.0,US,100.0,US,M,0.225,1.0,Low,0,0,1,0
528,2022,SE,Data Analyst,100000.0,USD,100000.0,US,100.0,US,M,0.16666666666666666,1.0,Low,0,0,1,0
529,2022,SE,Data Analyst,90320.0,USD,90320.0,US,100.0,US,M,0.15053333333333332,1.0,Low,0,0,1,0
530,2022,MI,Data Analyst,85000.0,USD,85000.0,CA,0.0,CA,M,0.14166666666666666,0.0,Low,0,0,1,0
531,2022,MI,Data Analyst,75000.0,USD,75000.0,CA,0.0,CA,M,0.125,0.0,Low,0,0,1,0
532,2022,SE,Machine Learning Engineer,214000.0,USD,214000.0,US,100.0,US,M,0.3566666666666667,1.0,Medium,0,0,1,0
533,2022,SE,Machine Learning Engineer,192600.0,USD,192600.0,US,100.0,US,M,0.321,1.0,Medium,0,0,1,0
534,2022,SE,Data Architect,266400.0,USD,266400.0,US,100.0,US,M,0.444,1.0,Medium,0,0,1,0
535,2022,SE,Data Architect,213120.0,USD,213120.0,US,100.0,US,M,0.3552,1.0,Medium,0,0,1,0
536,2022,SE,Data Analyst,112900.0,USD,112900.0,US,100.0,US,M,0.18816666666666668,1.0,Low,0,0,1,0
537,2022,SE,Data Engineer,155000.0,USD,155000.0,US,100.0,US,M,0.25833333333333336,1.0,Medium,0,0,1,0
538,2022,MI,Data Scientist,141300.0,USD,141300.0,US,0.0,US,M,0.2355,0.0,Low,0,0,1,0
539,2022,MI,Data Scientist,102100.0,USD,102100.0,US,0.0,US,M,0.17016666666666666,0.0,Low,0,0,1,0
540,2022,SE,Data Analyst,115934.0,USD,115934.0,US,100.0,US,M,0.19322333333333333,1.0,Low,0,0,1,0
541,2022,SE,Data Analyst,81666.0,USD,81666.0,US,100.0,US,M,0.13611,1.0,Low,0,0,1,0
542,2022,MI,Data Engineer,206699.0,USD,206699.0,US,0.0,US,M,0.34449833333333335,0.0,Medium,0,0,1,0
543,2022,MI,Data Engineer,99100.0,USD,99100.0,US,0.0,US,M,0.16516666666666666,0.0,Low,0,0,1,0
544,2022,SE,Data Engineer,130000.0,USD,130000.0,US,100.0,US,M,0.21666666666666667,1.0,Low,0,0,1,0
545,2022,SE,Data Engineer,115000.0,USD,115000.0,US,100.0,US,M,0.19166666666666668,1.0,Low,0,0,1,0
546,2022,SE,Data Engineer,110500.0,USD,110500.0,US,100.0,US,M,0.18416666666666667,1.0,Low,0,0,1,0
547,2022,SE,Data Engineer,130000.0,USD,130000.0,US,100.0,US,M,0.21666666666666667,1.0,Low,0,0,1,0
548,2022,SE,Data Analyst,99050.0,USD,99050.0,US,100.0,US,M,0.16508333333333333,1.0,Low,0,0,1,0
549,2022,SE,Data Engineer,160000.0,USD,160000.0,US,100.0,US,M,0.26666666666666666,1.0,Medium,0,0,1,0
550,2022,SE,Data Scientist,205300.0,USD,205300.0,US,0.0,US,L,0.3421666666666667,0.0,Medium,0,0,1,0
551,2022,SE,Data Scientist,140400.0,USD,140400.0,US,0.0,US,L,0.234,0.0,Low,0,0,1,0
552,2022,SE,Data Scientist,176000.0,USD,176000.0,US,100.0,US,M,0.29333333333333333,1.0,Medium,0,0,1,0
553,2022,SE,Data Scientist,144000.0,USD,144000.0,US,100.0,US,M,0.24,1.0,Low,0,0,1,0
554,2022,SE,Data Engineer,200100.0,USD,200100.0,US,100.0,US,M,0.3335,1.0,Medium,0,0,1,0
555,2022,SE,Data Engineer,160000.0,USD,160000.0,US,100.0,US,M,0.26666666666666666,1.0,Medium,0,0,1,0
556,2022,SE,Data Engineer,145000.0,USD,145000.0,US,100.0,US,M,0.24166666666666667,1.0,Low,0,0,1,0
557,2022,SE,Data Engineer,70500.0,USD,70500.0,US,0.0,US,M,0.1175,0.0,Low,0,0,1,0
558,2022,SE,Data Scientist,205300.0,USD,205300.0,US,0.0,US,M,0.3421666666666667,0.0,Medium,0,0,1,0
559,2022,SE,Data Scientist,140400.0,USD,140400.0,US,0.0,US,M,0.234,0.0,Low,0,0,1,0
560,2022,SE,Analytics Engineer,205300.0,USD,205300.0,US,0.0,US,M,0.3421666666666667,0.0,Medium,0,0,1,0
561,2022,SE,Analytics Engineer,184700.0,USD,184700.0,US,0.0,US,M,0.30783333333333335,0.0,Medium,0,0,1,0
562,2022,SE,Data Engineer,175100.0,USD,175100.0,US,100.0,US,M,0.29183333333333333,1.0,Medium,0,0,1,0
563,2022,SE,Data Engineer,140250.0,USD,140250.0,US,100.0,US,M,0.23375,1.0,Low,0,0,1,0
564,2022,SE,Data Analyst,116150.0,USD,116150.0,US,100.0,US,M,0.19358333333333333,1.0,Low,0,0,1,0
565,2022,SE,Data Engineer,54000.0,USD,54000.0,US,0.0,US,M,0.09,0.0,Low,0,0,1,0
566,2022,SE,Data Analyst,170000.0,USD,170000.0,US,100.0,US,M,0.2833333333333333,1.0,Medium,0,0,1,0
567,2022,MI,Data Analyst,50000.0,GBP,65438.0,GB,0.0,GB,M,0.10906333333333333,0.0,Low,0,0,1,0
568,2022,SE,Data Analyst,80000.0,USD,80000.0,US,100.0,US,M,0.13333333333333333,1.0,Low,0,0,1,0
569,2022,SE,Data Scientist,140000.0,USD,140000.0,US,100.0,US,M,0.23333333333333334,1.0,Low,0,0,1,0
570,2022,SE,Data Scientist,210000.0,USD,210000.0,US,100.0,US,M,0.35,1.0,Medium,0,0,1,0
571,2022,SE,Data Scientist,140000.0,USD,140000.0,US,100.0,US,M,0.23333333333333334,1.0,Low,0,0,1,0
572,2022,SE,Data Analyst,100000.0,USD,100000.0,US,100.0,US,M,0.16666666666666666,1.0,Low,0,0,1,0
573,2022,SE,Data Analyst,69000.0,USD,69000.0,US,100.0,US,M,0.115,1.0,Low,0,0,1,0
574,2022,SE,Data Scientist,210000.0,USD,210000.0,US,100.0,US,M,0.35,1.0,Medium,0,0,1,0
575,2022,SE,Data Scientist,140000.0,USD,140000.0,US,100.0,US,M,0.23333333333333334,1.0,Low,0,0,1,0
576,2022,SE,Data Scientist,210000.0,USD,210000.0,US,100.0,US,M,0.35,1.0,Medium,0,0,1,0
577,2022,SE,Data Analyst,150075.0,USD,150075.0,US,100.0,US,M,0.250125,1.0,Low,0,0,1,0
578,2022,SE,Data Engineer,100000.0,USD,100000.0,US,100.0,US,M,0.16666666666666666,1.0,Low,0,0,1,0
579,2022,SE,Data Engineer,25000.0,USD,25000.0,US,100.0,US,M,0.041666666666666664,1.0,Low,0,0,1,0
580,2022,SE,Data Analyst,126500.0,USD,126500.0,US,100.0,US,M,0.21083333333333334,1.0,Low,0,0,1,0
581,2022,SE,Data Analyst,106260.0,USD,106260.0,US,100.0,US,M,0.1771,1.0,Low,0,0,1,0
582,2022,SE,Data Engineer,220110.0,USD,220110.0,US,100.0,US,M,0.36685,1.0,Medium,0,0,1,0
583,2022,SE,Data Engineer,160080.0,USD,160080.0,US,100.0,US,M,0.2668,1.0,Medium,0,0,1,0
584,2022,SE,Data Analyst,105000.0,USD,105000.0,US,100.0,US,M,0.175,1.0,Low,0,0,1,0
585,2022,SE,Data Analyst,110925.0,USD,110925.0,US,100.0,US,M,0.184875,1.0,Low,0,0,1,0
586,2022,MI,Data Analyst,35000.0,GBP,45807.0,GB,0.0,GB,M,0.076345,0.0,Low,0,0,1,0
587,2022,SE,Data Scientist,140000.0,USD,140000.0,US,100.0,US,M,0.23333333333333334,1.0,Low,0,0,1,0
588,2022,SE,Data Analyst,99000.0,USD,99000.0,US,0.0,US,M,0.165,0.0,Low,0,0,1,0
589,2022,SE,Data Analyst,60000.0,USD,60000.0,US,100.0,US,M,0.1,1.0,Low,0,0,1,0
590,2022,SE,Data Architect,192564.0,USD,192564.0,US,100.0,US,M,0.32094,1.0,Medium,0,0,1,0
591,2022,SE,Data Architect,144854.0,USD,144854.0,US,100.0,US,M,0.24142333333333332,1.0,Low,0,0,1,0
592,2022,SE,Data Scientist,230000.0,USD,230000.0,US,100.0,US,M,0.38333333333333336,1.0,Medium,0,0,1,0
593,2022,SE,Data Scientist,150000.0,USD,150000.0,US,100.0,US,M,0.25,1.0,Low,0,0,1,0
594,2022,SE,Data Analytics Manager,150260.0,USD,150260.0,US,100.0,US,M,0.25043333333333334,1.0,Low,0,0,1,0
595,2022,SE,Data Analytics Manager,109280.0,USD,109280.0,US,100.0,US,M,0.18213333333333334,1.0,Low,0,0,1,0
596,2022,SE,Data Scientist,210000.0,USD,210000.0,US,100.0,US,M,0.35,1.0,Medium,0,0,1,0
597,2022,SE,Data Analyst,170000.0,USD,170000.0,US,100.0,US,M,0.2833333333333333,1.0,Medium,0,0,1,0
598,2022,MI,Data Scientist,160000.0,USD,160000.0,US,100.0,US,M,0.26666666666666666,1.0,Medium,0,0,1,0
599,2022,MI,Data Scientist,130000.0,USD,130000.0,US,100.0,US,M,0.21666666666666667,1.0,Low,0,0,1,0
600,2022,EN,Data Analyst,67000.0,USD,67000.0,CA,0.0,CA,M,0.11166666666666666,0.0,Low,0,0,1,0
601,2022,EN,Data Analyst,52000.0,USD,52000.0,CA,0.0,CA,M,0.08666666666666667,0.0,Low,0,0,1,0
602,2022,SE,Data Engineer,154000.0,USD,154000.0,US,100.0,US,M,0.25666666666666665,1.0,Medium,0,0,1,0
603,2022,SE,Data Engineer,126000.0,USD,126000.0,US,100.0,US,M,0.21,1.0,Low,0,0,1,0
604,2022,SE,Data Analyst,129000.0,USD,129000.0,US,0.0,US,M,0.215,0.0,Low,0,0,1,0
605,2022,SE,Data Analyst,150000.0,USD,150000.0,US,100.0,US,M,0.25,1.0,Low,0,0,1,0
606,2022,MI,AI Scientist,200000.0,USD,200000.0,IN,100.0,US,L,0.3333333333333333,1.0,Medium,0,0,1,0
